nationalIdentifier,measurementSiteReference,measurementTimeDefault,trafficStatusValue
TraficDirmc,MYP63.41,2021-12-07 18:24:00,heavy
TraficDirmc,MYP63.42,2021-12-07 18:24:00,freeFlow
TraficDirmc,MYP63.11,2021-12-07 18:24:00,freeFlow
TraficDirmc,MYP63.12,2021-12-07 18:24:00,freeFlow
TraficDirmc,MYP63.81,2021-12-07 18:24:00,freeFlow
TraficDirmc,MYP63.82,2021-12-07 18:24:00,freeFlow
TraficDirmc,MML34.A1,2021-12-07 18:24:00,freeFlow
TraficDirmc,MML34.A2,2021-12-07 18:24:00,freeFlow
TraficDirmc,MML34.B1,2021-12-07 18:24:00,freeFlow
TraficDirmc,MML34.B2,2021-12-07 18:24:00,freeFlow
TraficDirmc,MML34.C1,2021-12-07 18:24:00,freeFlow
TraficDirmc,MML34.C2,2021-12-07 18:24:00,freeFlow
TraficDirmc,MMT34.H1,2021-12-07 18:24:00,heavy
TraficDirmc,MMT34.H2,2021-12-07 18:24:00,freeFlow
TraficDirmc,MMT34.J1,2021-12-07 18:24:00,congested
TraficDirmc,MMT34.J2,2021-12-07 18:24:00,freeFlow
TraficDirmc,MYH43.C1,2021-12-07 18:24:00,freeFlow
TraficDirmc,MYH43.C2,2021-12-07 18:24:00,freeFlow
TraficDirmc,MYP63.41,2021-12-07 23:54:00,freeFlow
TraficDirmc,MYP63.42,2021-12-07 23:54:00,freeFlow
TraficDirmc,MYP63.11,2021-12-07 23:54:00,freeFlow
TraficDirmc,MYP63.12,2021-12-07 23:54:00,freeFlow
TraficDirmc,MYP63.81,2021-12-07 23:54:00,freeFlow
TraficDirmc,MYP63.82,2021-12-07 23:54:00,freeFlow
TraficDirmc,MML34.A1,2021-12-07 23:54:00,freeFlow
TraficDirmc,MML34.A2,2021-12-07 23:54:00,freeFlow
TraficDirmc,MML34.B1,2021-12-07 23:54:00,freeFlow
TraficDirmc,MML34.B2,2021-12-07 23:54:00,freeFlow
TraficDirmc,MML34.C1,2021-12-07 23:54:00,freeFlow
TraficDirmc,MML34.C2,2021-12-07 23:54:00,freeFlow
TraficDirmc,MMT34.H1,2021-12-07 23:54:00,freeFlow
TraficDirmc,MMT34.H2,2021-12-07 23:54:00,freeFlow
TraficDirmc,MMT34.J1,2021-12-07 23:54:00,freeFlow
TraficDirmc,MMT34.J2,2021-12-07 23:54:00,freeFlow
TraficDirmc,MYH43.C1,2021-12-07 23:54:00,freeFlow
TraficDirmc,MYH43.C2,2021-12-07 23:54:00,freeFlow
TraficDirmc,MYP63.41,2021-12-07 21:48:00,freeFlow
TraficDirmc,MYP63.42,2021-12-07 21:48:00,freeFlow
TraficDirmc,MYP63.11,2021-12-07 21:48:00,freeFlow
TraficDirmc,MYP63.12,2021-12-07 21:48:00,freeFlow
TraficDirmc,MYP63.81,2021-12-07 21:48:00,freeFlow
TraficDirmc,MYP63.82,2021-12-07 21:48:00,freeFlow
TraficDirmc,MML34.A1,2021-12-07 21:48:00,freeFlow
TraficDirmc,MML34.A2,2021-12-07 21:48:00,freeFlow
TraficDirmc,MML34.B1,2021-12-07 21:48:00,freeFlow
TraficDirmc,MML34.B2,2021-12-07 21:48:00,freeFlow
TraficDirmc,MML34.C1,2021-12-07 21:48:00,freeFlow
TraficDirmc,MML34.C2,2021-12-07 21:48:00,freeFlow
TraficDirmc,MMT34.H1,2021-12-07 21:48:00,freeFlow
TraficDirmc,MMT34.H2,2021-12-07 21:48:00,freeFlow
TraficDirmc,MMT34.J1,2021-12-07 21:48:00,freeFlow
TraficDirmc,MMT34.J2,2021-12-07 21:48:00,freeFlow
TraficDirmc,MYH43.C1,2021-12-07 21:48:00,freeFlow
TraficDirmc,MYH43.C2,2021-12-07 21:48:00,freeFlow
TraficDirmc,MYP63.41,2021-12-07 21:30:00,freeFlow
TraficDirmc,MYP63.42,2021-12-07 21:30:00,freeFlow
TraficDirmc,MYP63.11,2021-12-07 21:30:00,freeFlow
TraficDirmc,MYP63.12,2021-12-07 21:30:00,freeFlow
TraficDirmc,MYP63.81,2021-12-07 21:30:00,freeFlow
TraficDirmc,MYP63.82,2021-12-07 21:30:00,freeFlow
TraficDirmc,MML34.A1,2021-12-07 21:30:00,freeFlow
TraficDirmc,MML34.A2,2021-12-07 21:30:00,freeFlow
TraficDirmc,MML34.B1,2021-12-07 21:30:00,freeFlow
TraficDirmc,MML34.B2,2021-12-07 21:30:00,freeFlow
TraficDirmc,MML34.C1,2021-12-07 21:30:00,freeFlow
TraficDirmc,MML34.C2,2021-12-07 21:30:00,freeFlow
TraficDirmc,MMT34.H1,2021-12-07 21:30:00,freeFlow
TraficDirmc,MMT34.H2,2021-12-07 21:30:00,freeFlow
TraficDirmc,MMT34.J1,2021-12-07 21:30:00,freeFlow
TraficDirmc,MMT34.J2,2021-12-07 21:30:00,freeFlow
TraficDirmc,MYH43.C1,2021-12-07 21:30:00,freeFlow
TraficDirmc,MYH43.C2,2021-12-07 21:30:00,freeFlow
TraficDirmc,MYP63.41,2021-12-07 19:06:00,freeFlow
TraficDirmc,MYP63.42,2021-12-07 19:06:00,freeFlow
TraficDirmc,MYP63.11,2021-12-07 19:06:00,freeFlow
TraficDirmc,MYP63.12,2021-12-07 19:06:00,freeFlow
TraficDirmc,MYP63.81,2021-12-07 19:06:00,freeFlow
TraficDirmc,MYP63.82,2021-12-07 19:06:00,freeFlow
TraficDirmc,MML34.A1,2021-12-07 19:06:00,freeFlow
TraficDirmc,MML34.A2,2021-12-07 19:06:00,freeFlow
TraficDirmc,MML34.B1,2021-12-07 19:06:00,freeFlow
TraficDirmc,MML34.B2,2021-12-07 19:06:00,freeFlow
TraficDirmc,MML34.C1,2021-12-07 19:06:00,freeFlow
TraficDirmc,MML34.C2,2021-12-07 19:06:00,freeFlow
TraficDirmc,MMT34.H1,2021-12-07 19:06:00,freeFlow
TraficDirmc,MMT34.H2,2021-12-07 19:06:00,freeFlow
TraficDirmc,MMT34.J1,2021-12-07 19:06:00,heavy
TraficDirmc,MMT34.J2,2021-12-07 19:06:00,freeFlow
TraficDirmc,MYH43.C1,2021-12-07 19:06:00,freeFlow
TraficDirmc,MYH43.C2,2021-12-07 19:06:00,freeFlow
TraficDirmc,MYP63.41,2021-12-07 20:12:00,freeFlow
TraficDirmc,MYP63.42,2021-12-07 20:12:00,freeFlow
TraficDirmc,MYP63.11,2021-12-07 20:12:00,freeFlow
TraficDirmc,MYP63.12,2021-12-07 20:12:00,freeFlow
TraficDirmc,MYP63.81,2021-12-07 20:12:00,freeFlow
TraficDirmc,MYP63.82,2021-12-07 20:12:00,freeFlow
TraficDirmc,MML34.A1,2021-12-07 20:12:00,freeFlow
TraficDirmc,MML34.A2,2021-12-07 20:12:00,freeFlow
TraficDirmc,MML34.B1,2021-12-07 20:12:00,freeFlow
TraficDirmc,MML34.B2,2021-12-07 20:12:00,freeFlow
TraficDirmc,MML34.C1,2021-12-07 20:12:00,freeFlow
TraficDirmc,MML34.C2,2021-12-07 20:12:00,freeFlow
TraficDirmc,MMT34.H1,2021-12-07 20:12:00,freeFlow
TraficDirmc,MMT34.H2,2021-12-07 20:12:00,freeFlow
TraficDirmc,MMT34.J1,2021-12-07 20:12:00,freeFlow
TraficDirmc,MMT34.J2,2021-12-07 20:12:00,freeFlow
TraficDirmc,MYH43.C1,2021-12-07 20:12:00,freeFlow
TraficDirmc,MYH43.C2,2021-12-07 20:12:00,freeFlow
TraficDirmc,MYP63.41,2021-12-07 20:36:00,freeFlow
TraficDirmc,MYP63.42,2021-12-07 20:36:00,freeFlow
TraficDirmc,MYP63.11,2021-12-07 20:36:00,freeFlow
TraficDirmc,MYP63.12,2021-12-07 20:36:00,freeFlow
TraficDirmc,MYP63.81,2021-12-07 20:36:00,freeFlow
TraficDirmc,MYP63.82,2021-12-07 20:36:00,freeFlow
TraficDirmc,MML34.A1,2021-12-07 20:36:00,freeFlow
TraficDirmc,MML34.A2,2021-12-07 20:36:00,freeFlow
TraficDirmc,MML34.B1,2021-12-07 20:36:00,freeFlow
TraficDirmc,MML34.B2,2021-12-07 20:36:00,freeFlow
TraficDirmc,MML34.C1,2021-12-07 20:36:00,freeFlow
TraficDirmc,MML34.C2,2021-12-07 20:36:00,freeFlow
TraficDirmc,MMT34.H1,2021-12-07 20:36:00,freeFlow
TraficDirmc,MMT34.H2,2021-12-07 20:36:00,freeFlow
TraficDirmc,MMT34.J1,2021-12-07 20:36:00,freeFlow
TraficDirmc,MMT34.J2,2021-12-07 20:36:00,freeFlow
TraficDirmc,MYH43.C1,2021-12-07 20:36:00,freeFlow
TraficDirmc,MYH43.C2,2021-12-07 20:36:00,freeFlow
TraficDirmc,MYP63.41,2021-12-07 18:06:00,heavy
TraficDirmc,MYP63.42,2021-12-07 18:06:00,freeFlow
TraficDirmc,MYP63.11,2021-12-07 18:06:00,freeFlow
TraficDirmc,MYP63.12,2021-12-07 18:06:00,freeFlow
TraficDirmc,MYP63.81,2021-12-07 18:06:00,freeFlow
TraficDirmc,MYP63.82,2021-12-07 18:06:00,freeFlow
TraficDirmc,MML34.A1,2021-12-07 18:06:00,freeFlow
TraficDirmc,MML34.A2,2021-12-07 18:06:00,freeFlow
TraficDirmc,MML34.B1,2021-12-07 18:06:00,freeFlow
TraficDirmc,MML34.B2,2021-12-07 18:06:00,freeFlow
TraficDirmc,MML34.C1,2021-12-07 18:06:00,freeFlow
TraficDirmc,MML34.C2,2021-12-07 18:06:00,freeFlow
TraficDirmc,MMT34.H1,2021-12-07 18:06:00,freeFlow
TraficDirmc,MMT34.H2,2021-12-07 18:06:00,freeFlow
TraficDirmc,MMT34.J1,2021-12-07 18:06:00,congested
TraficDirmc,MMT34.J2,2021-12-07 18:06:00,freeFlow
TraficDirmc,MYH43.C1,2021-12-07 18:06:00,freeFlow
TraficDirmc,MYH43.C2,2021-12-07 18:06:00,freeFlow
TraficDirmc,MYP63.41,2021-12-07 21:12:00,freeFlow
TraficDirmc,MYP63.42,2021-12-07 21:12:00,freeFlow
TraficDirmc,MYP63.11,2021-12-07 21:12:00,freeFlow
TraficDirmc,MYP63.12,2021-12-07 21:12:00,freeFlow
TraficDirmc,MYP63.81,2021-12-07 21:12:00,freeFlow
TraficDirmc,MYP63.82,2021-12-07 21:12:00,congested
TraficDirmc,MML34.A1,2021-12-07 21:12:00,freeFlow
TraficDirmc,MML34.A2,2021-12-07 21:12:00,freeFlow
TraficDirmc,MML34.B1,2021-12-07 21:12:00,freeFlow
TraficDirmc,MML34.B2,2021-12-07 21:12:00,freeFlow
TraficDirmc,MML34.C1,2021-12-07 21:12:00,freeFlow
TraficDirmc,MML34.C2,2021-12-07 21:12:00,freeFlow
TraficDirmc,MMT34.H1,2021-12-07 21:12:00,freeFlow
TraficDirmc,MMT34.H2,2021-12-07 21:12:00,freeFlow
TraficDirmc,MMT34.J1,2021-12-07 21:12:00,freeFlow
TraficDirmc,MMT34.J2,2021-12-07 21:12:00,freeFlow
TraficDirmc,MYH43.C1,2021-12-07 21:12:00,freeFlow
TraficDirmc,MYH43.C2,2021-12-07 21:12:00,freeFlow
TraficDirmc,MYP63.41,2021-12-07 21:36:00,freeFlow
TraficDirmc,MYP63.42,2021-12-07 21:36:00,freeFlow
TraficDirmc,MYP63.11,2021-12-07 21:36:00,freeFlow
TraficDirmc,MYP63.12,2021-12-07 21:36:00,freeFlow
TraficDirmc,MYP63.81,2021-12-07 21:36:00,freeFlow
TraficDirmc,MYP63.82,2021-12-07 21:36:00,freeFlow
TraficDirmc,MML34.A1,2021-12-07 21:36:00,freeFlow
TraficDirmc,MML34.A2,2021-12-07 21:36:00,freeFlow
TraficDirmc,MML34.B1,2021-12-07 21:36:00,freeFlow
TraficDirmc,MML34.B2,2021-12-07 21:36:00,freeFlow
TraficDirmc,MML34.C1,2021-12-07 21:36:00,freeFlow
TraficDirmc,MML34.C2,2021-12-07 21:36:00,freeFlow
TraficDirmc,MMT34.H1,2021-12-07 21:36:00,freeFlow
TraficDirmc,MMT34.H2,2021-12-07 21:36:00,freeFlow
TraficDirmc,MMT34.J1,2021-12-07 21:36:00,freeFlow
TraficDirmc,MMT34.J2,2021-12-07 21:36:00,freeFlow
TraficDirmc,MYH43.C1,2021-12-07 21:36:00,freeFlow
TraficDirmc,MYH43.C2,2021-12-07 21:36:00,freeFlow
TraficDirmc,MYP63.41,2021-12-07 19:00:00,freeFlow
TraficDirmc,MYP63.42,2021-12-07 19:00:00,freeFlow
TraficDirmc,MYP63.11,2021-12-07 19:00:00,freeFlow
TraficDirmc,MYP63.12,2021-12-07 19:00:00,freeFlow
TraficDirmc,MYP63.81,2021-12-07 19:00:00,freeFlow
TraficDirmc,MYP63.82,2021-12-07 19:00:00,freeFlow
TraficDirmc,MML34.A1,2021-12-07 19:00:00,freeFlow
TraficDirmc,MML34.A2,2021-12-07 19:00:00,freeFlow
TraficDirmc,MML34.B1,2021-12-07 19:00:00,freeFlow
TraficDirmc,MML34.B2,2021-12-07 19:00:00,freeFlow
TraficDirmc,MML34.C1,2021-12-07 19:00:00,freeFlow
TraficDirmc,MML34.C2,2021-12-07 19:00:00,freeFlow
TraficDirmc,MMT34.H1,2021-12-07 19:00:00,freeFlow
TraficDirmc,MMT34.H2,2021-12-07 19:00:00,freeFlow
TraficDirmc,MMT34.J1,2021-12-07 19:00:00,heavy
TraficDirmc,MMT34.J2,2021-12-07 19:00:00,freeFlow
TraficDirmc,MYH43.C1,2021-12-07 19:00:00,freeFlow
TraficDirmc,MYH43.C2,2021-12-07 19:00:00,freeFlow
TraficDirmc,MYP63.41,2021-12-07 20:48:00,freeFlow
TraficDirmc,MYP63.42,2021-12-07 20:48:00,freeFlow
TraficDirmc,MYP63.11,2021-12-07 20:48:00,freeFlow
TraficDirmc,MYP63.12,2021-12-07 20:48:00,freeFlow
TraficDirmc,MYP63.81,2021-12-07 20:48:00,freeFlow
TraficDirmc,MYP63.82,2021-12-07 20:48:00,freeFlow
TraficDirmc,MML34.A1,2021-12-07 20:48:00,freeFlow
TraficDirmc,MML34.A2,2021-12-07 20:48:00,freeFlow
TraficDirmc,MML34.B1,2021-12-07 20:48:00,freeFlow
TraficDirmc,MML34.B2,2021-12-07 20:48:00,freeFlow
TraficDirmc,MML34.C1,2021-12-07 20:48:00,freeFlow
TraficDirmc,MML34.C2,2021-12-07 20:48:00,freeFlow
TraficDirmc,MMT34.H1,2021-12-07 20:48:00,freeFlow
TraficDirmc,MMT34.H2,2021-12-07 20:48:00,freeFlow
TraficDirmc,MMT34.J1,2021-12-07 20:48:00,freeFlow
TraficDirmc,MMT34.J2,2021-12-07 20:48:00,freeFlow
TraficDirmc,MYH43.C1,2021-12-07 20:48:00,freeFlow
TraficDirmc,MYH43.C2,2021-12-07 20:48:00,freeFlow
TraficDirmc,MYP63.41,2021-12-07 22:54:00,freeFlow
TraficDirmc,MYP63.42,2021-12-07 22:54:00,freeFlow
TraficDirmc,MYP63.11,2021-12-07 22:54:00,freeFlow
TraficDirmc,MYP63.12,2021-12-07 22:54:00,freeFlow
TraficDirmc,MYP63.81,2021-12-07 22:54:00,freeFlow
TraficDirmc,MYP63.82,2021-12-07 22:54:00,freeFlow
TraficDirmc,MML34.A1,2021-12-07 22:54:00,freeFlow
TraficDirmc,MML34.A2,2021-12-07 22:54:00,freeFlow
TraficDirmc,MML34.B1,2021-12-07 22:54:00,freeFlow
TraficDirmc,MML34.B2,2021-12-07 22:54:00,freeFlow
TraficDirmc,MML34.C1,2021-12-07 22:54:00,freeFlow
TraficDirmc,MML34.C2,2021-12-07 22:54:00,freeFlow
TraficDirmc,MMT34.H1,2021-12-07 22:54:00,freeFlow
TraficDirmc,MMT34.H2,2021-12-07 22:54:00,freeFlow
TraficDirmc,MMT34.J1,2021-12-07 22:54:00,freeFlow
TraficDirmc,MMT34.J2,2021-12-07 22:54:00,freeFlow
TraficDirmc,MYH43.C1,2021-12-07 22:54:00,freeFlow
TraficDirmc,MYH43.C2,2021-12-07 22:54:00,freeFlow
TraficDirmc,MYP63.41,2021-12-07 19:24:00,freeFlow
TraficDirmc,MYP63.42,2021-12-07 19:24:00,freeFlow
TraficDirmc,MYP63.11,2021-12-07 19:24:00,freeFlow
TraficDirmc,MYP63.12,2021-12-07 19:24:00,freeFlow
TraficDirmc,MYP63.81,2021-12-07 19:24:00,freeFlow
TraficDirmc,MYP63.82,2021-12-07 19:24:00,freeFlow
TraficDirmc,MML34.A1,2021-12-07 19:24:00,freeFlow
TraficDirmc,MML34.A2,2021-12-07 19:24:00,freeFlow
TraficDirmc,MML34.B1,2021-12-07 19:24:00,freeFlow
TraficDirmc,MML34.B2,2021-12-07 19:24:00,freeFlow
TraficDirmc,MML34.C1,2021-12-07 19:24:00,freeFlow
TraficDirmc,MML34.C2,2021-12-07 19:24:00,freeFlow
TraficDirmc,MMT34.H1,2021-12-07 19:24:00,heavy
TraficDirmc,MMT34.H2,2021-12-07 19:24:00,freeFlow
TraficDirmc,MMT34.J1,2021-12-07 19:24:00,heavy
TraficDirmc,MMT34.J2,2021-12-07 19:24:00,freeFlow
TraficDirmc,MYH43.C1,2021-12-07 19:24:00,freeFlow
TraficDirmc,MYH43.C2,2021-12-07 19:24:00,freeFlow
TraficDirmc,MYP63.41,2021-12-07 20:30:00,freeFlow
TraficDirmc,MYP63.42,2021-12-07 20:30:00,freeFlow
TraficDirmc,MYP63.11,2021-12-07 20:30:00,freeFlow
TraficDirmc,MYP63.12,2021-12-07 20:30:00,freeFlow
TraficDirmc,MYP63.81,2021-12-07 20:30:00,freeFlow
TraficDirmc,MYP63.82,2021-12-07 20:30:00,freeFlow
TraficDirmc,MML34.A1,2021-12-07 20:30:00,freeFlow
TraficDirmc,MML34.A2,2021-12-07 20:30:00,freeFlow
TraficDirmc,MML34.B1,2021-12-07 20:30:00,freeFlow
TraficDirmc,MML34.B2,2021-12-07 20:30:00,freeFlow
TraficDirmc,MML34.C1,2021-12-07 20:30:00,freeFlow
TraficDirmc,MML34.C2,2021-12-07 20:30:00,freeFlow
TraficDirmc,MMT34.H1,2021-12-07 20:30:00,freeFlow
TraficDirmc,MMT34.H2,2021-12-07 20:30:00,freeFlow
TraficDirmc,MMT34.J1,2021-12-07 20:30:00,freeFlow
TraficDirmc,MMT34.J2,2021-12-07 20:30:00,freeFlow
TraficDirmc,MYH43.C1,2021-12-07 20:30:00,freeFlow
TraficDirmc,MYH43.C2,2021-12-07 20:30:00,freeFlow
TraficDirmc,MYP63.41,2021-12-07 19:42:00,freeFlow
TraficDirmc,MYP63.42,2021-12-07 19:42:00,freeFlow
TraficDirmc,MYP63.11,2021-12-07 19:42:00,freeFlow
TraficDirmc,MYP63.12,2021-12-07 19:42:00,freeFlow
TraficDirmc,MYP63.81,2021-12-07 19:42:00,freeFlow
TraficDirmc,MYP63.82,2021-12-07 19:42:00,freeFlow
TraficDirmc,MML34.A1,2021-12-07 19:42:00,freeFlow
TraficDirmc,MML34.A2,2021-12-07 19:42:00,freeFlow
TraficDirmc,MML34.B1,2021-12-07 19:42:00,freeFlow
TraficDirmc,MML34.B2,2021-12-07 19:42:00,freeFlow
TraficDirmc,MML34.C1,2021-12-07 19:42:00,freeFlow
TraficDirmc,MML34.C2,2021-12-07 19:42:00,freeFlow
TraficDirmc,MMT34.H1,2021-12-07 19:42:00,freeFlow
TraficDirmc,MMT34.H2,2021-12-07 19:42:00,freeFlow
TraficDirmc,MMT34.J1,2021-12-07 19:42:00,freeFlow
TraficDirmc,MMT34.J2,2021-12-07 19:42:00,freeFlow
TraficDirmc,MYH43.C1,2021-12-07 19:42:00,freeFlow
TraficDirmc,MYH43.C2,2021-12-07 19:42:00,freeFlow
TraficDirmc,MYP63.41,2021-12-07 23:12:00,freeFlow
TraficDirmc,MYP63.42,2021-12-07 23:12:00,freeFlow
TraficDirmc,MYP63.11,2021-12-07 23:12:00,freeFlow
TraficDirmc,MYP63.12,2021-12-07 23:12:00,freeFlow
TraficDirmc,MYP63.81,2021-12-07 23:12:00,freeFlow
TraficDirmc,MYP63.82,2021-12-07 23:12:00,freeFlow
TraficDirmc,MML34.A1,2021-12-07 23:12:00,freeFlow
TraficDirmc,MML34.A2,2021-12-07 23:12:00,freeFlow
TraficDirmc,MML34.B1,2021-12-07 23:12:00,freeFlow
TraficDirmc,MML34.B2,2021-12-07 23:12:00,freeFlow
TraficDirmc,MML34.C1,2021-12-07 23:12:00,freeFlow
TraficDirmc,MML34.C2,2021-12-07 23:12:00,freeFlow
TraficDirmc,MMT34.H1,2021-12-07 23:12:00,freeFlow
TraficDirmc,MMT34.H2,2021-12-07 23:12:00,freeFlow
TraficDirmc,MMT34.J1,2021-12-07 23:12:00,freeFlow
TraficDirmc,MMT34.J2,2021-12-07 23:12:00,freeFlow
TraficDirmc,MYH43.C1,2021-12-07 23:12:00,freeFlow
TraficDirmc,MYH43.C2,2021-12-07 23:12:00,freeFlow
TraficDirmc,MYP63.41,2021-12-07 23:36:00,freeFlow
TraficDirmc,MYP63.42,2021-12-07 23:36:00,freeFlow
TraficDirmc,MYP63.11,2021-12-07 23:36:00,freeFlow
TraficDirmc,MYP63.12,2021-12-07 23:36:00,freeFlow
TraficDirmc,MYP63.81,2021-12-07 23:36:00,freeFlow
TraficDirmc,MYP63.82,2021-12-07 23:36:00,freeFlow
TraficDirmc,MML34.A1,2021-12-07 23:36:00,freeFlow
TraficDirmc,MML34.A2,2021-12-07 23:36:00,freeFlow
TraficDirmc,MML34.B1,2021-12-07 23:36:00,freeFlow
TraficDirmc,MML34.B2,2021-12-07 23:36:00,freeFlow
TraficDirmc,MML34.C1,2021-12-07 23:36:00,freeFlow
TraficDirmc,MML34.C2,2021-12-07 23:36:00,freeFlow
TraficDirmc,MMT34.H1,2021-12-07 23:36:00,freeFlow
TraficDirmc,MMT34.H2,2021-12-07 23:36:00,freeFlow
TraficDirmc,MMT34.J1,2021-12-07 23:36:00,freeFlow
TraficDirmc,MMT34.J2,2021-12-07 23:36:00,freeFlow
TraficDirmc,MYH43.C1,2021-12-07 23:36:00,freeFlow
TraficDirmc,MYH43.C2,2021-12-07 23:36:00,freeFlow
TraficDirmc,MYP63.41,2021-12-07 18:18:00,heavy
TraficDirmc,MYP63.42,2021-12-07 18:18:00,freeFlow
TraficDirmc,MYP63.11,2021-12-07 18:18:00,freeFlow
TraficDirmc,MYP63.12,2021-12-07 18:18:00,freeFlow
TraficDirmc,MYP63.81,2021-12-07 18:18:00,freeFlow
TraficDirmc,MYP63.82,2021-12-07 18:18:00,freeFlow
TraficDirmc,MML34.A1,2021-12-07 18:18:00,freeFlow
TraficDirmc,MML34.A2,2021-12-07 18:18:00,freeFlow
TraficDirmc,MML34.B1,2021-12-07 18:18:00,freeFlow
TraficDirmc,MML34.B2,2021-12-07 18:18:00,freeFlow
TraficDirmc,MML34.C1,2021-12-07 18:18:00,freeFlow
TraficDirmc,MML34.C2,2021-12-07 18:18:00,freeFlow
TraficDirmc,MMT34.H1,2021-12-07 18:18:00,heavy
TraficDirmc,MMT34.H2,2021-12-07 18:18:00,freeFlow
TraficDirmc,MMT34.J1,2021-12-07 18:18:00,congested
TraficDirmc,MMT34.J2,2021-12-07 18:18:00,freeFlow
TraficDirmc,MYH43.C1,2021-12-07 18:18:00,freeFlow
TraficDirmc,MYH43.C2,2021-12-07 18:18:00,freeFlow
TraficDirmc,MYP63.41,2021-12-07 22:30:00,freeFlow
TraficDirmc,MYP63.42,2021-12-07 22:30:00,freeFlow
TraficDirmc,MYP63.11,2021-12-07 22:30:00,freeFlow
TraficDirmc,MYP63.12,2021-12-07 22:30:00,freeFlow
TraficDirmc,MYP63.81,2021-12-07 22:30:00,freeFlow
TraficDirmc,MYP63.82,2021-12-07 22:30:00,freeFlow
TraficDirmc,MML34.A1,2021-12-07 22:30:00,freeFlow
TraficDirmc,MML34.A2,2021-12-07 22:30:00,freeFlow
TraficDirmc,MML34.B1,2021-12-07 22:30:00,freeFlow
TraficDirmc,MML34.B2,2021-12-07 22:30:00,freeFlow
TraficDirmc,MML34.C1,2021-12-07 22:30:00,freeFlow
TraficDirmc,MML34.C2,2021-12-07 22:30:00,freeFlow
TraficDirmc,MMT34.H1,2021-12-07 22:30:00,freeFlow
TraficDirmc,MMT34.H2,2021-12-07 22:30:00,freeFlow
TraficDirmc,MMT34.J1,2021-12-07 22:30:00,freeFlow
TraficDirmc,MMT34.J2,2021-12-07 22:30:00,freeFlow
TraficDirmc,MYH43.C1,2021-12-07 22:30:00,freeFlow
TraficDirmc,MYH43.C2,2021-12-07 22:30:00,freeFlow
TraficDirmc,MYP63.41,2021-12-07 22:48:00,freeFlow
TraficDirmc,MYP63.42,2021-12-07 22:48:00,freeFlow
TraficDirmc,MYP63.11,2021-12-07 22:48:00,freeFlow
TraficDirmc,MYP63.12,2021-12-07 22:48:00,freeFlow
TraficDirmc,MYP63.81,2021-12-07 22:48:00,freeFlow
TraficDirmc,MYP63.82,2021-12-07 22:48:00,freeFlow
TraficDirmc,MML34.A1,2021-12-07 22:48:00,freeFlow
TraficDirmc,MML34.A2,2021-12-07 22:48:00,freeFlow
TraficDirmc,MML34.B1,2021-12-07 22:48:00,freeFlow
TraficDirmc,MML34.B2,2021-12-07 22:48:00,freeFlow
TraficDirmc,MML34.C1,2021-12-07 22:48:00,freeFlow
TraficDirmc,MML34.C2,2021-12-07 22:48:00,freeFlow
TraficDirmc,MMT34.H1,2021-12-07 22:48:00,freeFlow
TraficDirmc,MMT34.H2,2021-12-07 22:48:00,freeFlow
TraficDirmc,MMT34.J1,2021-12-07 22:48:00,freeFlow
TraficDirmc,MMT34.J2,2021-12-07 22:48:00,freeFlow
TraficDirmc,MYH43.C1,2021-12-07 22:48:00,freeFlow
TraficDirmc,MYH43.C2,2021-12-07 22:48:00,freeFlow
TraficDirmc,MYP63.41,2021-12-07 20:54:00,freeFlow
TraficDirmc,MYP63.42,2021-12-07 20:54:00,freeFlow
TraficDirmc,MYP63.11,2021-12-07 20:54:00,freeFlow
TraficDirmc,MYP63.12,2021-12-07 20:54:00,freeFlow
TraficDirmc,MYP63.81,2021-12-07 20:54:00,freeFlow
TraficDirmc,MYP63.82,2021-12-07 20:54:00,freeFlow
TraficDirmc,MML34.A1,2021-12-07 20:54:00,freeFlow
TraficDirmc,MML34.A2,2021-12-07 20:54:00,freeFlow
TraficDirmc,MML34.B1,2021-12-07 20:54:00,freeFlow
TraficDirmc,MML34.B2,2021-12-07 20:54:00,freeFlow
TraficDirmc,MML34.C1,2021-12-07 20:54:00,freeFlow
TraficDirmc,MML34.C2,2021-12-07 20:54:00,freeFlow
TraficDirmc,MMT34.H1,2021-12-07 20:54:00,freeFlow
TraficDirmc,MMT34.H2,2021-12-07 20:54:00,freeFlow
TraficDirmc,MMT34.J1,2021-12-07 20:54:00,freeFlow
TraficDirmc,MMT34.J2,2021-12-07 20:54:00,freeFlow
TraficDirmc,MYH43.C1,2021-12-07 20:54:00,freeFlow
TraficDirmc,MYH43.C2,2021-12-07 20:54:00,freeFlow
TraficDirmc,MYP63.41,2021-12-07 23:30:00,freeFlow
TraficDirmc,MYP63.42,2021-12-07 23:30:00,freeFlow
TraficDirmc,MYP63.11,2021-12-07 23:30:00,freeFlow
TraficDirmc,MYP63.12,2021-12-07 23:30:00,freeFlow
TraficDirmc,MYP63.81,2021-12-07 23:30:00,freeFlow
TraficDirmc,MYP63.82,2021-12-07 23:30:00,freeFlow
TraficDirmc,MML34.A1,2021-12-07 23:30:00,freeFlow
TraficDirmc,MML34.A2,2021-12-07 23:30:00,freeFlow
TraficDirmc,MML34.B1,2021-12-07 23:30:00,freeFlow
TraficDirmc,MML34.B2,2021-12-07 23:30:00,freeFlow
TraficDirmc,MML34.C1,2021-12-07 23:30:00,freeFlow
TraficDirmc,MML34.C2,2021-12-07 23:30:00,freeFlow
TraficDirmc,MMT34.H1,2021-12-07 23:30:00,freeFlow
TraficDirmc,MMT34.H2,2021-12-07 23:30:00,freeFlow
TraficDirmc,MMT34.J1,2021-12-07 23:30:00,freeFlow
TraficDirmc,MMT34.J2,2021-12-07 23:30:00,freeFlow
TraficDirmc,MYH43.C1,2021-12-07 23:30:00,freeFlow
TraficDirmc,MYH43.C2,2021-12-07 23:30:00,freeFlow
TraficDirmc,MYP63.41,2021-12-07 19:18:00,freeFlow
TraficDirmc,MYP63.42,2021-12-07 19:18:00,freeFlow
TraficDirmc,MYP63.11,2021-12-07 19:18:00,freeFlow
TraficDirmc,MYP63.12,2021-12-07 19:18:00,freeFlow
TraficDirmc,MYP63.81,2021-12-07 19:18:00,freeFlow
TraficDirmc,MYP63.82,2021-12-07 19:18:00,freeFlow
TraficDirmc,MML34.A1,2021-12-07 19:18:00,freeFlow
TraficDirmc,MML34.A2,2021-12-07 19:18:00,freeFlow
TraficDirmc,MML34.B1,2021-12-07 19:18:00,freeFlow
TraficDirmc,MML34.B2,2021-12-07 19:18:00,freeFlow
TraficDirmc,MML34.C1,2021-12-07 19:18:00,freeFlow
TraficDirmc,MML34.C2,2021-12-07 19:18:00,freeFlow
TraficDirmc,MMT34.H1,2021-12-07 19:18:00,heavy
TraficDirmc,MMT34.H2,2021-12-07 19:18:00,heavy
TraficDirmc,MMT34.J1,2021-12-07 19:18:00,heavy
TraficDirmc,MMT34.J2,2021-12-07 19:18:00,freeFlow
TraficDirmc,MYH43.C1,2021-12-07 19:18:00,freeFlow
TraficDirmc,MYH43.C2,2021-12-07 19:18:00,freeFlow
TraficDirmc,MYP63.41,2021-12-07 21:54:00,freeFlow
TraficDirmc,MYP63.42,2021-12-07 21:54:00,freeFlow
TraficDirmc,MYP63.11,2021-12-07 21:54:00,freeFlow
TraficDirmc,MYP63.12,2021-12-07 21:54:00,freeFlow
TraficDirmc,MYP63.81,2021-12-07 21:54:00,freeFlow
TraficDirmc,MYP63.82,2021-12-07 21:54:00,freeFlow
TraficDirmc,MML34.A1,2021-12-07 21:54:00,freeFlow
TraficDirmc,MML34.A2,2021-12-07 21:54:00,freeFlow
TraficDirmc,MML34.B1,2021-12-07 21:54:00,freeFlow
TraficDirmc,MML34.B2,2021-12-07 21:54:00,freeFlow
TraficDirmc,MML34.C1,2021-12-07 21:54:00,freeFlow
TraficDirmc,MML34.C2,2021-12-07 21:54:00,freeFlow
TraficDirmc,MMT34.H1,2021-12-07 21:54:00,freeFlow
TraficDirmc,MMT34.H2,2021-12-07 21:54:00,freeFlow
TraficDirmc,MMT34.J1,2021-12-07 21:54:00,freeFlow
TraficDirmc,MMT34.J2,2021-12-07 21:54:00,freeFlow
TraficDirmc,MYH43.C1,2021-12-07 21:54:00,freeFlow
TraficDirmc,MYH43.C2,2021-12-07 21:54:00,freeFlow
TraficDirmc,MYP63.41,2021-12-07 23:48:00,freeFlow
TraficDirmc,MYP63.42,2021-12-07 23:48:00,freeFlow
TraficDirmc,MYP63.11,2021-12-07 23:48:00,freeFlow
TraficDirmc,MYP63.12,2021-12-07 23:48:00,freeFlow
TraficDirmc,MYP63.81,2021-12-07 23:48:00,freeFlow
TraficDirmc,MYP63.82,2021-12-07 23:48:00,freeFlow
TraficDirmc,MML34.A1,2021-12-07 23:48:00,freeFlow
TraficDirmc,MML34.A2,2021-12-07 23:48:00,freeFlow
TraficDirmc,MML34.B1,2021-12-07 23:48:00,freeFlow
TraficDirmc,MML34.B2,2021-12-07 23:48:00,freeFlow
TraficDirmc,MML34.C1,2021-12-07 23:48:00,freeFlow
TraficDirmc,MML34.C2,2021-12-07 23:48:00,freeFlow
TraficDirmc,MMT34.H1,2021-12-07 23:48:00,freeFlow
TraficDirmc,MMT34.H2,2021-12-07 23:48:00,heavy
TraficDirmc,MMT34.J1,2021-12-07 23:48:00,freeFlow
TraficDirmc,MMT34.J2,2021-12-07 23:48:00,freeFlow
TraficDirmc,MYH43.C1,2021-12-07 23:48:00,freeFlow
TraficDirmc,MYH43.C2,2021-12-07 23:48:00,freeFlow
TraficDirmc,MYP63.41,2021-12-07 22:12:00,freeFlow
TraficDirmc,MYP63.42,2021-12-07 22:12:00,freeFlow
TraficDirmc,MYP63.11,2021-12-07 22:12:00,freeFlow
TraficDirmc,MYP63.12,2021-12-07 22:12:00,freeFlow
TraficDirmc,MYP63.81,2021-12-07 22:12:00,freeFlow
TraficDirmc,MYP63.82,2021-12-07 22:12:00,freeFlow
TraficDirmc,MML34.A1,2021-12-07 22:12:00,freeFlow
TraficDirmc,MML34.A2,2021-12-07 22:12:00,freeFlow
TraficDirmc,MML34.B1,2021-12-07 22:12:00,freeFlow
TraficDirmc,MML34.B2,2021-12-07 22:12:00,freeFlow
TraficDirmc,MML34.C1,2021-12-07 22:12:00,freeFlow
TraficDirmc,MML34.C2,2021-12-07 22:12:00,freeFlow
TraficDirmc,MMT34.H1,2021-12-07 22:12:00,freeFlow
TraficDirmc,MMT34.H2,2021-12-07 22:12:00,freeFlow
TraficDirmc,MMT34.J1,2021-12-07 22:12:00,freeFlow
TraficDirmc,MMT34.J2,2021-12-07 22:12:00,freeFlow
TraficDirmc,MYH43.C1,2021-12-07 22:12:00,freeFlow
TraficDirmc,MYH43.C2,2021-12-07 22:12:00,freeFlow
TraficDirmc,MYP63.41,2021-12-07 18:42:00,freeFlow
TraficDirmc,MYP63.42,2021-12-07 18:42:00,freeFlow
TraficDirmc,MYP63.11,2021-12-07 18:42:00,freeFlow
TraficDirmc,MYP63.12,2021-12-07 18:42:00,freeFlow
TraficDirmc,MYP63.81,2021-12-07 18:42:00,freeFlow
TraficDirmc,MYP63.82,2021-12-07 18:42:00,freeFlow
TraficDirmc,MML34.A1,2021-12-07 18:42:00,freeFlow
TraficDirmc,MML34.A2,2021-12-07 18:42:00,freeFlow
TraficDirmc,MML34.B1,2021-12-07 18:42:00,freeFlow
TraficDirmc,MML34.B2,2021-12-07 18:42:00,freeFlow
TraficDirmc,MML34.C1,2021-12-07 18:42:00,freeFlow
TraficDirmc,MML34.C2,2021-12-07 18:42:00,freeFlow
TraficDirmc,MMT34.H1,2021-12-07 18:42:00,freeFlow
TraficDirmc,MMT34.H2,2021-12-07 18:42:00,freeFlow
TraficDirmc,MMT34.J1,2021-12-07 18:42:00,heavy
TraficDirmc,MMT34.J2,2021-12-07 18:42:00,freeFlow
TraficDirmc,MYH43.C1,2021-12-07 18:42:00,freeFlow
TraficDirmc,MYH43.C2,2021-12-07 18:42:00,freeFlow
TraficDirmc,MYP63.41,2021-12-07 22:36:00,freeFlow
TraficDirmc,MYP63.42,2021-12-07 22:36:00,freeFlow
TraficDirmc,MYP63.11,2021-12-07 22:36:00,freeFlow
TraficDirmc,MYP63.12,2021-12-07 22:36:00,freeFlow
TraficDirmc,MYP63.81,2021-12-07 22:36:00,freeFlow
TraficDirmc,MYP63.82,2021-12-07 22:36:00,freeFlow
TraficDirmc,MML34.A1,2021-12-07 22:36:00,freeFlow
TraficDirmc,MML34.A2,2021-12-07 22:36:00,freeFlow
TraficDirmc,MML34.B1,2021-12-07 22:36:00,freeFlow
TraficDirmc,MML34.B2,2021-12-07 22:36:00,freeFlow
TraficDirmc,MML34.C1,2021-12-07 22:36:00,freeFlow
TraficDirmc,MML34.C2,2021-12-07 22:36:00,freeFlow
TraficDirmc,MMT34.H1,2021-12-07 22:36:00,freeFlow
TraficDirmc,MMT34.H2,2021-12-07 22:36:00,freeFlow
TraficDirmc,MMT34.J1,2021-12-07 22:36:00,freeFlow
TraficDirmc,MMT34.J2,2021-12-07 22:36:00,freeFlow
TraficDirmc,MYH43.C1,2021-12-07 22:36:00,freeFlow
TraficDirmc,MYH43.C2,2021-12-07 22:36:00,freeFlow
TraficDirmc,MYP63.41,2021-12-07 18:12:00,heavy
TraficDirmc,MYP63.42,2021-12-07 18:12:00,freeFlow
TraficDirmc,MYP63.11,2021-12-07 18:12:00,freeFlow
TraficDirmc,MYP63.12,2021-12-07 18:12:00,freeFlow
TraficDirmc,MYP63.81,2021-12-07 18:12:00,freeFlow
TraficDirmc,MYP63.82,2021-12-07 18:12:00,freeFlow
TraficDirmc,MML34.A1,2021-12-07 18:12:00,freeFlow
TraficDirmc,MML34.A2,2021-12-07 18:12:00,freeFlow
TraficDirmc,MML34.B1,2021-12-07 18:12:00,freeFlow
TraficDirmc,MML34.B2,2021-12-07 18:12:00,freeFlow
TraficDirmc,MML34.C1,2021-12-07 18:12:00,freeFlow
TraficDirmc,MML34.C2,2021-12-07 18:12:00,freeFlow
TraficDirmc,MMT34.H1,2021-12-07 18:12:00,freeFlow
TraficDirmc,MMT34.H2,2021-12-07 18:12:00,freeFlow
TraficDirmc,MMT34.J1,2021-12-07 18:12:00,congested
TraficDirmc,MMT34.J2,2021-12-07 18:12:00,freeFlow
TraficDirmc,MYH43.C1,2021-12-07 18:12:00,freeFlow
TraficDirmc,MYH43.C2,2021-12-07 18:12:00,freeFlow
TraficDirmc,MYP63.41,2021-12-07 22:42:00,freeFlow
TraficDirmc,MYP63.42,2021-12-07 22:42:00,freeFlow
TraficDirmc,MYP63.11,2021-12-07 22:42:00,freeFlow
TraficDirmc,MYP63.12,2021-12-07 22:42:00,freeFlow
TraficDirmc,MYP63.81,2021-12-07 22:42:00,freeFlow
TraficDirmc,MYP63.82,2021-12-07 22:42:00,freeFlow
TraficDirmc,MML34.A1,2021-12-07 22:42:00,freeFlow
TraficDirmc,MML34.A2,2021-12-07 22:42:00,freeFlow
TraficDirmc,MML34.B1,2021-12-07 22:42:00,freeFlow
TraficDirmc,MML34.B2,2021-12-07 22:42:00,freeFlow
TraficDirmc,MML34.C1,2021-12-07 22:42:00,freeFlow
TraficDirmc,MML34.C2,2021-12-07 22:42:00,freeFlow
TraficDirmc,MMT34.H1,2021-12-07 22:42:00,freeFlow
TraficDirmc,MMT34.H2,2021-12-07 22:42:00,freeFlow
TraficDirmc,MMT34.J1,2021-12-07 22:42:00,freeFlow
TraficDirmc,MMT34.J2,2021-12-07 22:42:00,freeFlow
TraficDirmc,MYH43.C1,2021-12-07 22:42:00,freeFlow
TraficDirmc,MYH43.C2,2021-12-07 22:42:00,freeFlow
TraficDirmc,MYP63.41,2021-12-07 21:06:00,freeFlow
TraficDirmc,MYP63.42,2021-12-07 21:06:00,freeFlow
TraficDirmc,MYP63.11,2021-12-07 21:06:00,freeFlow
TraficDirmc,MYP63.12,2021-12-07 21:06:00,freeFlow
TraficDirmc,MYP63.81,2021-12-07 21:06:00,freeFlow
TraficDirmc,MYP63.82,2021-12-07 21:06:00,congested
TraficDirmc,MML34.A1,2021-12-07 21:06:00,freeFlow
TraficDirmc,MML34.A2,2021-12-07 21:06:00,freeFlow
TraficDirmc,MML34.B1,2021-12-07 21:06:00,freeFlow
TraficDirmc,MML34.B2,2021-12-07 21:06:00,freeFlow
TraficDirmc,MML34.C1,2021-12-07 21:06:00,freeFlow
TraficDirmc,MML34.C2,2021-12-07 21:06:00,freeFlow
TraficDirmc,MMT34.H1,2021-12-07 21:06:00,freeFlow
TraficDirmc,MMT34.H2,2021-12-07 21:06:00,freeFlow
TraficDirmc,MMT34.J1,2021-12-07 21:06:00,freeFlow
TraficDirmc,MMT34.J2,2021-12-07 21:06:00,freeFlow
TraficDirmc,MYH43.C1,2021-12-07 21:06:00,freeFlow
TraficDirmc,MYH43.C2,2021-12-07 21:06:00,freeFlow
TraficDirmc,MYP63.41,2021-12-07 18:36:00,heavy
TraficDirmc,MYP63.42,2021-12-07 18:36:00,freeFlow
TraficDirmc,MYP63.11,2021-12-07 18:36:00,freeFlow
TraficDirmc,MYP63.12,2021-12-07 18:36:00,freeFlow
TraficDirmc,MYP63.81,2021-12-07 18:36:00,freeFlow
TraficDirmc,MYP63.82,2021-12-07 18:36:00,freeFlow
TraficDirmc,MML34.A1,2021-12-07 18:36:00,freeFlow
TraficDirmc,MML34.A2,2021-12-07 18:36:00,freeFlow
TraficDirmc,MML34.B1,2021-12-07 18:36:00,freeFlow
TraficDirmc,MML34.B2,2021-12-07 18:36:00,freeFlow
TraficDirmc,MML34.C1,2021-12-07 18:36:00,freeFlow
TraficDirmc,MML34.C2,2021-12-07 18:36:00,freeFlow
TraficDirmc,MMT34.H1,2021-12-07 18:36:00,freeFlow
TraficDirmc,MMT34.H2,2021-12-07 18:36:00,freeFlow
TraficDirmc,MMT34.J1,2021-12-07 18:36:00,heavy
TraficDirmc,MMT34.J2,2021-12-07 18:36:00,freeFlow
TraficDirmc,MYH43.C1,2021-12-07 18:36:00,freeFlow
TraficDirmc,MYH43.C2,2021-12-07 18:36:00,freeFlow
TraficDirmc,MYP63.41,2021-12-07 20:00:00,freeFlow
TraficDirmc,MYP63.42,2021-12-07 20:00:00,freeFlow
TraficDirmc,MYP63.11,2021-12-07 20:00:00,freeFlow
TraficDirmc,MYP63.12,2021-12-07 20:00:00,freeFlow
TraficDirmc,MYP63.81,2021-12-07 20:00:00,freeFlow
TraficDirmc,MYP63.82,2021-12-07 20:00:00,freeFlow
TraficDirmc,MML34.A1,2021-12-07 20:00:00,freeFlow
TraficDirmc,MML34.A2,2021-12-07 20:00:00,freeFlow
TraficDirmc,MML34.B1,2021-12-07 20:00:00,freeFlow
TraficDirmc,MML34.B2,2021-12-07 20:00:00,freeFlow
TraficDirmc,MML34.C1,2021-12-07 20:00:00,freeFlow
TraficDirmc,MML34.C2,2021-12-07 20:00:00,freeFlow
TraficDirmc,MMT34.H1,2021-12-07 20:00:00,freeFlow
TraficDirmc,MMT34.H2,2021-12-07 20:00:00,freeFlow
TraficDirmc,MMT34.J1,2021-12-07 20:00:00,freeFlow
TraficDirmc,MMT34.J2,2021-12-07 20:00:00,freeFlow
TraficDirmc,MYH43.C1,2021-12-07 20:00:00,freeFlow
TraficDirmc,MYH43.C2,2021-12-07 20:00:00,freeFlow
TraficDirmc,MYP63.41,2021-12-07 23:18:00,freeFlow
TraficDirmc,MYP63.42,2021-12-07 23:18:00,freeFlow
TraficDirmc,MYP63.11,2021-12-07 23:18:00,freeFlow
TraficDirmc,MYP63.12,2021-12-07 23:18:00,freeFlow
TraficDirmc,MYP63.81,2021-12-07 23:18:00,freeFlow
TraficDirmc,MYP63.82,2021-12-07 23:18:00,freeFlow
TraficDirmc,MML34.A1,2021-12-07 23:18:00,freeFlow
TraficDirmc,MML34.A2,2021-12-07 23:18:00,freeFlow
TraficDirmc,MML34.B1,2021-12-07 23:18:00,freeFlow
TraficDirmc,MML34.B2,2021-12-07 23:18:00,freeFlow
TraficDirmc,MML34.C1,2021-12-07 23:18:00,freeFlow
TraficDirmc,MML34.C2,2021-12-07 23:18:00,freeFlow
TraficDirmc,MMT34.H1,2021-12-07 23:18:00,freeFlow
TraficDirmc,MMT34.H2,2021-12-07 23:18:00,freeFlow
TraficDirmc,MMT34.J1,2021-12-07 23:18:00,freeFlow
TraficDirmc,MMT34.J2,2021-12-07 23:18:00,freeFlow
TraficDirmc,MYH43.C1,2021-12-07 23:18:00,freeFlow
TraficDirmc,MYH43.C2,2021-12-07 23:18:00,freeFlow
TraficDirmc,MYP63.41,2021-12-07 19:30:00,freeFlow
TraficDirmc,MYP63.42,2021-12-07 19:30:00,freeFlow
TraficDirmc,MYP63.11,2021-12-07 19:30:00,freeFlow
TraficDirmc,MYP63.12,2021-12-07 19:30:00,freeFlow
TraficDirmc,MYP63.81,2021-12-07 19:30:00,freeFlow
TraficDirmc,MYP63.82,2021-12-07 19:30:00,freeFlow
TraficDirmc,MML34.A1,2021-12-07 19:30:00,freeFlow
TraficDirmc,MML34.A2,2021-12-07 19:30:00,freeFlow
TraficDirmc,MML34.B1,2021-12-07 19:30:00,freeFlow
TraficDirmc,MML34.B2,2021-12-07 19:30:00,freeFlow
TraficDirmc,MML34.C1,2021-12-07 19:30:00,freeFlow
TraficDirmc,MML34.C2,2021-12-07 19:30:00,freeFlow
TraficDirmc,MMT34.H1,2021-12-07 19:30:00,freeFlow
TraficDirmc,MMT34.H2,2021-12-07 19:30:00,freeFlow
TraficDirmc,MMT34.J1,2021-12-07 19:30:00,heavy
TraficDirmc,MMT34.J2,2021-12-07 19:30:00,freeFlow
TraficDirmc,MYH43.C1,2021-12-07 19:30:00,freeFlow
TraficDirmc,MYH43.C2,2021-12-07 19:30:00,freeFlow
TraficDirmc,MYP63.41,2021-12-07 19:48:00,freeFlow
TraficDirmc,MYP63.42,2021-12-07 19:48:00,freeFlow
TraficDirmc,MYP63.11,2021-12-07 19:48:00,freeFlow
TraficDirmc,MYP63.12,2021-12-07 19:48:00,freeFlow
TraficDirmc,MYP63.81,2021-12-07 19:48:00,freeFlow
TraficDirmc,MYP63.82,2021-12-07 19:48:00,freeFlow
TraficDirmc,MML34.A1,2021-12-07 19:48:00,freeFlow
TraficDirmc,MML34.A2,2021-12-07 19:48:00,freeFlow
TraficDirmc,MML34.B1,2021-12-07 19:48:00,freeFlow
TraficDirmc,MML34.B2,2021-12-07 19:48:00,freeFlow
TraficDirmc,MML34.C1,2021-12-07 19:48:00,freeFlow
TraficDirmc,MML34.C2,2021-12-07 19:48:00,freeFlow
TraficDirmc,MMT34.H1,2021-12-07 19:48:00,freeFlow
TraficDirmc,MMT34.H2,2021-12-07 19:48:00,freeFlow
TraficDirmc,MMT34.J1,2021-12-07 19:48:00,freeFlow
TraficDirmc,MMT34.J2,2021-12-07 19:48:00,freeFlow
TraficDirmc,MYH43.C1,2021-12-07 19:48:00,freeFlow
TraficDirmc,MYH43.C2,2021-12-07 19:48:00,freeFlow
TraficDirmc,MYP63.41,2021-12-07 20:24:00,freeFlow
TraficDirmc,MYP63.42,2021-12-07 20:24:00,freeFlow
TraficDirmc,MYP63.11,2021-12-07 20:24:00,freeFlow
TraficDirmc,MYP63.12,2021-12-07 20:24:00,freeFlow
TraficDirmc,MYP63.81,2021-12-07 20:24:00,freeFlow
TraficDirmc,MYP63.82,2021-12-07 20:24:00,freeFlow
TraficDirmc,MML34.A1,2021-12-07 20:24:00,freeFlow
TraficDirmc,MML34.A2,2021-12-07 20:24:00,freeFlow
TraficDirmc,MML34.B1,2021-12-07 20:24:00,freeFlow
TraficDirmc,MML34.B2,2021-12-07 20:24:00,freeFlow
TraficDirmc,MML34.C1,2021-12-07 20:24:00,freeFlow
TraficDirmc,MML34.C2,2021-12-07 20:24:00,freeFlow
TraficDirmc,MMT34.H1,2021-12-07 20:24:00,freeFlow
TraficDirmc,MMT34.H2,2021-12-07 20:24:00,freeFlow
TraficDirmc,MMT34.J1,2021-12-07 20:24:00,freeFlow
TraficDirmc,MMT34.J2,2021-12-07 20:24:00,freeFlow
TraficDirmc,MYH43.C1,2021-12-07 20:24:00,freeFlow
TraficDirmc,MYH43.C2,2021-12-07 20:24:00,freeFlow
TraficDirmc,MYP63.41,2021-12-07 21:00:00,freeFlow
TraficDirmc,MYP63.42,2021-12-07 21:00:00,freeFlow
TraficDirmc,MYP63.11,2021-12-07 21:00:00,freeFlow
TraficDirmc,MYP63.12,2021-12-07 21:00:00,freeFlow
TraficDirmc,MYP63.81,2021-12-07 21:00:00,freeFlow
TraficDirmc,MYP63.82,2021-12-07 21:00:00,freeFlow
TraficDirmc,MML34.A1,2021-12-07 21:00:00,freeFlow
TraficDirmc,MML34.A2,2021-12-07 21:00:00,freeFlow
TraficDirmc,MML34.B1,2021-12-07 21:00:00,freeFlow
TraficDirmc,MML34.B2,2021-12-07 21:00:00,freeFlow
TraficDirmc,MML34.C1,2021-12-07 21:00:00,freeFlow
TraficDirmc,MML34.C2,2021-12-07 21:00:00,freeFlow
TraficDirmc,MMT34.H1,2021-12-07 21:00:00,freeFlow
TraficDirmc,MMT34.H2,2021-12-07 21:00:00,freeFlow
TraficDirmc,MMT34.J1,2021-12-07 21:00:00,freeFlow
TraficDirmc,MMT34.J2,2021-12-07 21:00:00,freeFlow
TraficDirmc,MYH43.C1,2021-12-07 21:00:00,freeFlow
TraficDirmc,MYH43.C2,2021-12-07 21:00:00,freeFlow
TraficDirmc,MYP63.41,2021-12-07 21:24:00,freeFlow
TraficDirmc,MYP63.42,2021-12-07 21:24:00,freeFlow
TraficDirmc,MYP63.11,2021-12-07 21:24:00,freeFlow
TraficDirmc,MYP63.12,2021-12-07 21:24:00,freeFlow
TraficDirmc,MYP63.81,2021-12-07 21:24:00,freeFlow
TraficDirmc,MYP63.82,2021-12-07 21:24:00,freeFlow
TraficDirmc,MML34.A1,2021-12-07 21:24:00,freeFlow
TraficDirmc,MML34.A2,2021-12-07 21:24:00,freeFlow
TraficDirmc,MML34.B1,2021-12-07 21:24:00,freeFlow
TraficDirmc,MML34.B2,2021-12-07 21:24:00,freeFlow
TraficDirmc,MML34.C1,2021-12-07 21:24:00,freeFlow
TraficDirmc,MML34.C2,2021-12-07 21:24:00,freeFlow
TraficDirmc,MMT34.H1,2021-12-07 21:24:00,freeFlow
TraficDirmc,MMT34.H2,2021-12-07 21:24:00,freeFlow
TraficDirmc,MMT34.J1,2021-12-07 21:24:00,freeFlow
TraficDirmc,MMT34.J2,2021-12-07 21:24:00,freeFlow
TraficDirmc,MYH43.C1,2021-12-07 21:24:00,freeFlow
TraficDirmc,MYH43.C2,2021-12-07 21:24:00,freeFlow
TraficDirmc,MYP63.41,2021-12-07 18:30:00,heavy
TraficDirmc,MYP63.42,2021-12-07 18:30:00,freeFlow
TraficDirmc,MYP63.11,2021-12-07 18:30:00,freeFlow
TraficDirmc,MYP63.12,2021-12-07 18:30:00,freeFlow
TraficDirmc,MYP63.81,2021-12-07 18:30:00,freeFlow
TraficDirmc,MYP63.82,2021-12-07 18:30:00,freeFlow
TraficDirmc,MML34.A1,2021-12-07 18:30:00,freeFlow
TraficDirmc,MML34.A2,2021-12-07 18:30:00,freeFlow
TraficDirmc,MML34.B1,2021-12-07 18:30:00,freeFlow
TraficDirmc,MML34.B2,2021-12-07 18:30:00,freeFlow
TraficDirmc,MML34.C1,2021-12-07 18:30:00,freeFlow
TraficDirmc,MML34.C2,2021-12-07 18:30:00,freeFlow
TraficDirmc,MMT34.H1,2021-12-07 18:30:00,freeFlow
TraficDirmc,MMT34.H2,2021-12-07 18:30:00,freeFlow
TraficDirmc,MMT34.J1,2021-12-07 18:30:00,congested
TraficDirmc,MMT34.J2,2021-12-07 18:30:00,freeFlow
TraficDirmc,MYH43.C1,2021-12-07 18:30:00,freeFlow
TraficDirmc,MYH43.C2,2021-12-07 18:30:00,freeFlow
TraficDirmc,MYP63.41,2021-12-07 22:18:00,freeFlow
TraficDirmc,MYP63.42,2021-12-07 22:18:00,freeFlow
TraficDirmc,MYP63.11,2021-12-07 22:18:00,freeFlow
TraficDirmc,MYP63.12,2021-12-07 22:18:00,freeFlow
TraficDirmc,MYP63.81,2021-12-07 22:18:00,freeFlow
TraficDirmc,MYP63.82,2021-12-07 22:18:00,freeFlow
TraficDirmc,MML34.A1,2021-12-07 22:18:00,freeFlow
TraficDirmc,MML34.A2,2021-12-07 22:18:00,freeFlow
TraficDirmc,MML34.B1,2021-12-07 22:18:00,freeFlow
TraficDirmc,MML34.B2,2021-12-07 22:18:00,freeFlow
TraficDirmc,MML34.C1,2021-12-07 22:18:00,freeFlow
TraficDirmc,MML34.C2,2021-12-07 22:18:00,freeFlow
TraficDirmc,MMT34.H1,2021-12-07 22:18:00,freeFlow
TraficDirmc,MMT34.H2,2021-12-07 22:18:00,freeFlow
TraficDirmc,MMT34.J1,2021-12-07 22:18:00,freeFlow
TraficDirmc,MMT34.J2,2021-12-07 22:18:00,freeFlow
TraficDirmc,MYH43.C1,2021-12-07 22:18:00,freeFlow
TraficDirmc,MYH43.C2,2021-12-07 22:18:00,freeFlow
TraficDirmc,MYP63.41,2021-12-07 18:48:00,freeFlow
TraficDirmc,MYP63.42,2021-12-07 18:48:00,freeFlow
TraficDirmc,MYP63.11,2021-12-07 18:48:00,freeFlow
TraficDirmc,MYP63.12,2021-12-07 18:48:00,freeFlow
TraficDirmc,MYP63.81,2021-12-07 18:48:00,freeFlow
TraficDirmc,MYP63.82,2021-12-07 18:48:00,freeFlow
TraficDirmc,MML34.A1,2021-12-07 18:48:00,freeFlow
TraficDirmc,MML34.A2,2021-12-07 18:48:00,freeFlow
TraficDirmc,MML34.B1,2021-12-07 18:48:00,freeFlow
TraficDirmc,MML34.B2,2021-12-07 18:48:00,freeFlow
TraficDirmc,MML34.C1,2021-12-07 18:48:00,freeFlow
TraficDirmc,MML34.C2,2021-12-07 18:48:00,freeFlow
TraficDirmc,MMT34.H1,2021-12-07 18:48:00,freeFlow
TraficDirmc,MMT34.H2,2021-12-07 18:48:00,freeFlow
TraficDirmc,MMT34.J1,2021-12-07 18:48:00,heavy
TraficDirmc,MMT34.J2,2021-12-07 18:48:00,freeFlow
TraficDirmc,MYH43.C1,2021-12-07 18:48:00,freeFlow
TraficDirmc,MYH43.C2,2021-12-07 18:48:00,freeFlow
TraficDirmc,MYP63.41,2021-12-07 19:12:00,freeFlow
TraficDirmc,MYP63.42,2021-12-07 19:12:00,freeFlow
TraficDirmc,MYP63.11,2021-12-07 19:12:00,freeFlow
TraficDirmc,MYP63.12,2021-12-07 19:12:00,freeFlow
TraficDirmc,MYP63.81,2021-12-07 19:12:00,freeFlow
TraficDirmc,MYP63.82,2021-12-07 19:12:00,freeFlow
TraficDirmc,MML34.A1,2021-12-07 19:12:00,freeFlow
TraficDirmc,MML34.A2,2021-12-07 19:12:00,freeFlow
TraficDirmc,MML34.B1,2021-12-07 19:12:00,freeFlow
TraficDirmc,MML34.B2,2021-12-07 19:12:00,freeFlow
TraficDirmc,MML34.C1,2021-12-07 19:12:00,freeFlow
TraficDirmc,MML34.C2,2021-12-07 19:12:00,freeFlow
TraficDirmc,MMT34.H1,2021-12-07 19:12:00,freeFlow
TraficDirmc,MMT34.H2,2021-12-07 19:12:00,heavy
TraficDirmc,MMT34.J1,2021-12-07 19:12:00,heavy
TraficDirmc,MMT34.J2,2021-12-07 19:12:00,freeFlow
TraficDirmc,MYH43.C1,2021-12-07 19:12:00,freeFlow
TraficDirmc,MYH43.C2,2021-12-07 19:12:00,freeFlow
TraficDirmc,MYP63.41,2021-12-07 23:42:00,freeFlow
TraficDirmc,MYP63.42,2021-12-07 23:42:00,freeFlow
TraficDirmc,MYP63.11,2021-12-07 23:42:00,freeFlow
TraficDirmc,MYP63.12,2021-12-07 23:42:00,freeFlow
TraficDirmc,MYP63.81,2021-12-07 23:42:00,freeFlow
TraficDirmc,MYP63.82,2021-12-07 23:42:00,freeFlow
TraficDirmc,MML34.A1,2021-12-07 23:42:00,freeFlow
TraficDirmc,MML34.A2,2021-12-07 23:42:00,freeFlow
TraficDirmc,MML34.B1,2021-12-07 23:42:00,freeFlow
TraficDirmc,MML34.B2,2021-12-07 23:42:00,freeFlow
TraficDirmc,MML34.C1,2021-12-07 23:42:00,freeFlow
TraficDirmc,MML34.C2,2021-12-07 23:42:00,freeFlow
TraficDirmc,MMT34.H1,2021-12-07 23:42:00,freeFlow
TraficDirmc,MMT34.H2,2021-12-07 23:42:00,heavy
TraficDirmc,MMT34.J1,2021-12-07 23:42:00,freeFlow
TraficDirmc,MMT34.J2,2021-12-07 23:42:00,freeFlow
TraficDirmc,MYH43.C1,2021-12-07 23:42:00,freeFlow
TraficDirmc,MYH43.C2,2021-12-07 23:42:00,freeFlow
TraficDirmc,MYP63.41,2021-12-07 20:06:00,freeFlow
TraficDirmc,MYP63.42,2021-12-07 20:06:00,freeFlow
TraficDirmc,MYP63.11,2021-12-07 20:06:00,freeFlow
TraficDirmc,MYP63.12,2021-12-07 20:06:00,freeFlow
TraficDirmc,MYP63.81,2021-12-07 20:06:00,freeFlow
TraficDirmc,MYP63.82,2021-12-07 20:06:00,freeFlow
TraficDirmc,MML34.A1,2021-12-07 20:06:00,freeFlow
TraficDirmc,MML34.A2,2021-12-07 20:06:00,freeFlow
TraficDirmc,MML34.B1,2021-12-07 20:06:00,freeFlow
TraficDirmc,MML34.B2,2021-12-07 20:06:00,freeFlow
TraficDirmc,MML34.C1,2021-12-07 20:06:00,freeFlow
TraficDirmc,MML34.C2,2021-12-07 20:06:00,freeFlow
TraficDirmc,MMT34.H1,2021-12-07 20:06:00,freeFlow
TraficDirmc,MMT34.H2,2021-12-07 20:06:00,freeFlow
TraficDirmc,MMT34.J1,2021-12-07 20:06:00,freeFlow
TraficDirmc,MMT34.J2,2021-12-07 20:06:00,freeFlow
TraficDirmc,MYH43.C1,2021-12-07 20:06:00,freeFlow
TraficDirmc,MYH43.C2,2021-12-07 20:06:00,freeFlow
TraficDirmc,MYP63.41,2021-12-07 19:36:00,freeFlow
TraficDirmc,MYP63.42,2021-12-07 19:36:00,freeFlow
TraficDirmc,MYP63.11,2021-12-07 19:36:00,freeFlow
TraficDirmc,MYP63.12,2021-12-07 19:36:00,freeFlow
TraficDirmc,MYP63.81,2021-12-07 19:36:00,freeFlow
TraficDirmc,MYP63.82,2021-12-07 19:36:00,freeFlow
TraficDirmc,MML34.A1,2021-12-07 19:36:00,freeFlow
TraficDirmc,MML34.A2,2021-12-07 19:36:00,freeFlow
TraficDirmc,MML34.B1,2021-12-07 19:36:00,freeFlow
TraficDirmc,MML34.B2,2021-12-07 19:36:00,freeFlow
TraficDirmc,MML34.C1,2021-12-07 19:36:00,freeFlow
TraficDirmc,MML34.C2,2021-12-07 19:36:00,freeFlow
TraficDirmc,MMT34.H1,2021-12-07 19:36:00,freeFlow
TraficDirmc,MMT34.H2,2021-12-07 19:36:00,freeFlow
TraficDirmc,MMT34.J1,2021-12-07 19:36:00,freeFlow
TraficDirmc,MMT34.J2,2021-12-07 19:36:00,freeFlow
TraficDirmc,MYH43.C1,2021-12-07 19:36:00,freeFlow
TraficDirmc,MYH43.C2,2021-12-07 19:36:00,freeFlow
TraficDirmc,MYP63.41,2021-12-07 23:00:00,freeFlow
TraficDirmc,MYP63.42,2021-12-07 23:00:00,freeFlow
TraficDirmc,MYP63.11,2021-12-07 23:00:00,freeFlow
TraficDirmc,MYP63.12,2021-12-07 23:00:00,freeFlow
TraficDirmc,MYP63.81,2021-12-07 23:00:00,freeFlow
TraficDirmc,MYP63.82,2021-12-07 23:00:00,freeFlow
TraficDirmc,MML34.A1,2021-12-07 23:00:00,freeFlow
TraficDirmc,MML34.A2,2021-12-07 23:00:00,freeFlow
TraficDirmc,MML34.B1,2021-12-07 23:00:00,freeFlow
TraficDirmc,MML34.B2,2021-12-07 23:00:00,freeFlow
TraficDirmc,MML34.C1,2021-12-07 23:00:00,freeFlow
TraficDirmc,MML34.C2,2021-12-07 23:00:00,freeFlow
TraficDirmc,MMT34.H1,2021-12-07 23:00:00,freeFlow
TraficDirmc,MMT34.H2,2021-12-07 23:00:00,freeFlow
TraficDirmc,MMT34.J1,2021-12-07 23:00:00,freeFlow
TraficDirmc,MMT34.J2,2021-12-07 23:00:00,freeFlow
TraficDirmc,MYH43.C1,2021-12-07 23:00:00,freeFlow
TraficDirmc,MYH43.C2,2021-12-07 23:00:00,freeFlow
TraficDirmc,MYP63.41,2021-12-07 23:24:00,freeFlow
TraficDirmc,MYP63.42,2021-12-07 23:24:00,freeFlow
TraficDirmc,MYP63.11,2021-12-07 23:24:00,freeFlow
TraficDirmc,MYP63.12,2021-12-07 23:24:00,freeFlow
TraficDirmc,MYP63.81,2021-12-07 23:24:00,freeFlow
TraficDirmc,MYP63.82,2021-12-07 23:24:00,freeFlow
TraficDirmc,MML34.A1,2021-12-07 23:24:00,freeFlow
TraficDirmc,MML34.A2,2021-12-07 23:24:00,freeFlow
TraficDirmc,MML34.B1,2021-12-07 23:24:00,freeFlow
TraficDirmc,MML34.B2,2021-12-07 23:24:00,freeFlow
TraficDirmc,MML34.C1,2021-12-07 23:24:00,freeFlow
TraficDirmc,MML34.C2,2021-12-07 23:24:00,freeFlow
TraficDirmc,MMT34.H1,2021-12-07 23:24:00,freeFlow
TraficDirmc,MMT34.H2,2021-12-07 23:24:00,freeFlow
TraficDirmc,MMT34.J1,2021-12-07 23:24:00,freeFlow
TraficDirmc,MMT34.J2,2021-12-07 23:24:00,freeFlow
TraficDirmc,MYH43.C1,2021-12-07 23:24:00,freeFlow
TraficDirmc,MYH43.C2,2021-12-07 23:24:00,freeFlow
TraficDirmc,MYP63.41,2021-12-07 18:54:00,freeFlow
TraficDirmc,MYP63.42,2021-12-07 18:54:00,freeFlow
TraficDirmc,MYP63.11,2021-12-07 18:54:00,freeFlow
TraficDirmc,MYP63.12,2021-12-07 18:54:00,freeFlow
TraficDirmc,MYP63.81,2021-12-07 18:54:00,freeFlow
TraficDirmc,MYP63.82,2021-12-07 18:54:00,freeFlow
TraficDirmc,MML34.A1,2021-12-07 18:54:00,freeFlow
TraficDirmc,MML34.A2,2021-12-07 18:54:00,freeFlow
TraficDirmc,MML34.B1,2021-12-07 18:54:00,freeFlow
TraficDirmc,MML34.B2,2021-12-07 18:54:00,freeFlow
TraficDirmc,MML34.C1,2021-12-07 18:54:00,freeFlow
TraficDirmc,MML34.C2,2021-12-07 18:54:00,freeFlow
TraficDirmc,MMT34.H1,2021-12-07 18:54:00,freeFlow
TraficDirmc,MMT34.H2,2021-12-07 18:54:00,freeFlow
TraficDirmc,MMT34.J1,2021-12-07 18:54:00,heavy
TraficDirmc,MMT34.J2,2021-12-07 18:54:00,freeFlow
TraficDirmc,MYH43.C1,2021-12-07 18:54:00,freeFlow
TraficDirmc,MYH43.C2,2021-12-07 18:54:00,freeFlow
TraficDirmc,MYP63.41,2021-12-07 20:18:00,freeFlow
TraficDirmc,MYP63.42,2021-12-07 20:18:00,freeFlow
TraficDirmc,MYP63.11,2021-12-07 20:18:00,freeFlow
TraficDirmc,MYP63.12,2021-12-07 20:18:00,freeFlow
TraficDirmc,MYP63.81,2021-12-07 20:18:00,freeFlow
TraficDirmc,MYP63.82,2021-12-07 20:18:00,freeFlow
TraficDirmc,MML34.A1,2021-12-07 20:18:00,freeFlow
TraficDirmc,MML34.A2,2021-12-07 20:18:00,freeFlow
TraficDirmc,MML34.B1,2021-12-07 20:18:00,freeFlow
TraficDirmc,MML34.B2,2021-12-07 20:18:00,freeFlow
TraficDirmc,MML34.C1,2021-12-07 20:18:00,freeFlow
TraficDirmc,MML34.C2,2021-12-07 20:18:00,freeFlow
TraficDirmc,MMT34.H1,2021-12-07 20:18:00,freeFlow
TraficDirmc,MMT34.H2,2021-12-07 20:18:00,freeFlow
TraficDirmc,MMT34.J1,2021-12-07 20:18:00,freeFlow
TraficDirmc,MMT34.J2,2021-12-07 20:18:00,freeFlow
TraficDirmc,MYH43.C1,2021-12-07 20:18:00,freeFlow
TraficDirmc,MYH43.C2,2021-12-07 20:18:00,freeFlow
TraficDirmc,MYP63.41,2021-12-07 22:06:00,freeFlow
TraficDirmc,MYP63.42,2021-12-07 22:06:00,freeFlow
TraficDirmc,MYP63.11,2021-12-07 22:06:00,freeFlow
TraficDirmc,MYP63.12,2021-12-07 22:06:00,freeFlow
TraficDirmc,MYP63.81,2021-12-07 22:06:00,freeFlow
TraficDirmc,MYP63.82,2021-12-07 22:06:00,freeFlow
TraficDirmc,MML34.A1,2021-12-07 22:06:00,freeFlow
TraficDirmc,MML34.A2,2021-12-07 22:06:00,freeFlow
TraficDirmc,MML34.B1,2021-12-07 22:06:00,freeFlow
TraficDirmc,MML34.B2,2021-12-07 22:06:00,freeFlow
TraficDirmc,MML34.C1,2021-12-07 22:06:00,freeFlow
TraficDirmc,MML34.C2,2021-12-07 22:06:00,freeFlow
TraficDirmc,MMT34.H1,2021-12-07 22:06:00,freeFlow
TraficDirmc,MMT34.H2,2021-12-07 22:06:00,freeFlow
TraficDirmc,MMT34.J1,2021-12-07 22:06:00,freeFlow
TraficDirmc,MMT34.J2,2021-12-07 22:06:00,freeFlow
TraficDirmc,MYH43.C1,2021-12-07 22:06:00,freeFlow
TraficDirmc,MYH43.C2,2021-12-07 22:06:00,freeFlow
TraficDirmc,MYP63.41,2021-12-07 21:42:00,freeFlow
TraficDirmc,MYP63.42,2021-12-07 21:42:00,freeFlow
TraficDirmc,MYP63.11,2021-12-07 21:42:00,freeFlow
TraficDirmc,MYP63.12,2021-12-07 21:42:00,freeFlow
TraficDirmc,MYP63.81,2021-12-07 21:42:00,freeFlow
TraficDirmc,MYP63.82,2021-12-07 21:42:00,freeFlow
TraficDirmc,MML34.A1,2021-12-07 21:42:00,freeFlow
TraficDirmc,MML34.A2,2021-12-07 21:42:00,freeFlow
TraficDirmc,MML34.B1,2021-12-07 21:42:00,freeFlow
TraficDirmc,MML34.B2,2021-12-07 21:42:00,freeFlow
TraficDirmc,MML34.C1,2021-12-07 21:42:00,freeFlow
TraficDirmc,MML34.C2,2021-12-07 21:42:00,freeFlow
TraficDirmc,MMT34.H1,2021-12-07 21:42:00,freeFlow
TraficDirmc,MMT34.H2,2021-12-07 21:42:00,freeFlow
TraficDirmc,MMT34.J1,2021-12-07 21:42:00,freeFlow
TraficDirmc,MMT34.J2,2021-12-07 21:42:00,freeFlow
TraficDirmc,MYH43.C1,2021-12-07 21:42:00,freeFlow
TraficDirmc,MYH43.C2,2021-12-07 21:42:00,freeFlow
TraficDirmc,MYP63.41,2021-12-07 23:06:00,freeFlow
TraficDirmc,MYP63.42,2021-12-07 23:06:00,freeFlow
TraficDirmc,MYP63.11,2021-12-07 23:06:00,freeFlow
TraficDirmc,MYP63.12,2021-12-07 23:06:00,freeFlow
TraficDirmc,MYP63.81,2021-12-07 23:06:00,freeFlow
TraficDirmc,MYP63.82,2021-12-07 23:06:00,freeFlow
TraficDirmc,MML34.A1,2021-12-07 23:06:00,freeFlow
TraficDirmc,MML34.A2,2021-12-07 23:06:00,freeFlow
TraficDirmc,MML34.B1,2021-12-07 23:06:00,freeFlow
TraficDirmc,MML34.B2,2021-12-07 23:06:00,freeFlow
TraficDirmc,MML34.C1,2021-12-07 23:06:00,freeFlow
TraficDirmc,MML34.C2,2021-12-07 23:06:00,freeFlow
TraficDirmc,MMT34.H1,2021-12-07 23:06:00,freeFlow
TraficDirmc,MMT34.H2,2021-12-07 23:06:00,freeFlow
TraficDirmc,MMT34.J1,2021-12-07 23:06:00,freeFlow
TraficDirmc,MMT34.J2,2021-12-07 23:06:00,freeFlow
TraficDirmc,MYH43.C1,2021-12-07 23:06:00,freeFlow
TraficDirmc,MYH43.C2,2021-12-07 23:06:00,freeFlow
TraficDirmc,MYP63.41,2021-12-07 20:42:00,freeFlow
TraficDirmc,MYP63.42,2021-12-07 20:42:00,freeFlow
TraficDirmc,MYP63.11,2021-12-07 20:42:00,freeFlow
TraficDirmc,MYP63.12,2021-12-07 20:42:00,freeFlow
TraficDirmc,MYP63.81,2021-12-07 20:42:00,freeFlow
TraficDirmc,MYP63.82,2021-12-07 20:42:00,freeFlow
TraficDirmc,MML34.A1,2021-12-07 20:42:00,freeFlow
TraficDirmc,MML34.A2,2021-12-07 20:42:00,freeFlow
TraficDirmc,MML34.B1,2021-12-07 20:42:00,freeFlow
TraficDirmc,MML34.B2,2021-12-07 20:42:00,freeFlow
TraficDirmc,MML34.C1,2021-12-07 20:42:00,freeFlow
TraficDirmc,MML34.C2,2021-12-07 20:42:00,freeFlow
TraficDirmc,MMT34.H1,2021-12-07 20:42:00,freeFlow
TraficDirmc,MMT34.H2,2021-12-07 20:42:00,freeFlow
TraficDirmc,MMT34.J1,2021-12-07 20:42:00,freeFlow
TraficDirmc,MMT34.J2,2021-12-07 20:42:00,freeFlow
TraficDirmc,MYH43.C1,2021-12-07 20:42:00,freeFlow
TraficDirmc,MYH43.C2,2021-12-07 20:42:00,freeFlow
TraficDirmc,MYP63.41,2021-12-07 19:54:00,freeFlow
TraficDirmc,MYP63.42,2021-12-07 19:54:00,freeFlow
TraficDirmc,MYP63.11,2021-12-07 19:54:00,freeFlow
TraficDirmc,MYP63.12,2021-12-07 19:54:00,freeFlow
TraficDirmc,MYP63.81,2021-12-07 19:54:00,freeFlow
TraficDirmc,MYP63.82,2021-12-07 19:54:00,freeFlow
TraficDirmc,MML34.A1,2021-12-07 19:54:00,freeFlow
TraficDirmc,MML34.A2,2021-12-07 19:54:00,freeFlow
TraficDirmc,MML34.B1,2021-12-07 19:54:00,freeFlow
TraficDirmc,MML34.B2,2021-12-07 19:54:00,freeFlow
TraficDirmc,MML34.C1,2021-12-07 19:54:00,freeFlow
TraficDirmc,MML34.C2,2021-12-07 19:54:00,freeFlow
TraficDirmc,MMT34.H1,2021-12-07 19:54:00,freeFlow
TraficDirmc,MMT34.H2,2021-12-07 19:54:00,freeFlow
TraficDirmc,MMT34.J1,2021-12-07 19:54:00,freeFlow
TraficDirmc,MMT34.J2,2021-12-07 19:54:00,freeFlow
TraficDirmc,MYH43.C1,2021-12-07 19:54:00,freeFlow
TraficDirmc,MYH43.C2,2021-12-07 19:54:00,freeFlow
TraficDirmc,MYP63.41,2021-12-07 22:00:00,freeFlow
TraficDirmc,MYP63.42,2021-12-07 22:00:00,freeFlow
TraficDirmc,MYP63.11,2021-12-07 22:00:00,freeFlow
TraficDirmc,MYP63.12,2021-12-07 22:00:00,freeFlow
TraficDirmc,MYP63.81,2021-12-07 22:00:00,freeFlow
TraficDirmc,MYP63.82,2021-12-07 22:00:00,freeFlow
TraficDirmc,MML34.A1,2021-12-07 22:00:00,freeFlow
TraficDirmc,MML34.A2,2021-12-07 22:00:00,freeFlow
TraficDirmc,MML34.B1,2021-12-07 22:00:00,freeFlow
TraficDirmc,MML34.B2,2021-12-07 22:00:00,freeFlow
TraficDirmc,MML34.C1,2021-12-07 22:00:00,freeFlow
TraficDirmc,MML34.C2,2021-12-07 22:00:00,freeFlow
TraficDirmc,MMT34.H1,2021-12-07 22:00:00,freeFlow
TraficDirmc,MMT34.H2,2021-12-07 22:00:00,freeFlow
TraficDirmc,MMT34.J1,2021-12-07 22:00:00,freeFlow
TraficDirmc,MMT34.J2,2021-12-07 22:00:00,freeFlow
TraficDirmc,MYH43.C1,2021-12-07 22:00:00,freeFlow
TraficDirmc,MYH43.C2,2021-12-07 22:00:00,freeFlow
TraficDirmc,MYP63.41,2021-12-07 22:24:00,freeFlow
TraficDirmc,MYP63.42,2021-12-07 22:24:00,freeFlow
TraficDirmc,MYP63.11,2021-12-07 22:24:00,freeFlow
TraficDirmc,MYP63.12,2021-12-07 22:24:00,freeFlow
TraficDirmc,MYP63.81,2021-12-07 22:24:00,freeFlow
TraficDirmc,MYP63.82,2021-12-07 22:24:00,freeFlow
TraficDirmc,MML34.A1,2021-12-07 22:24:00,freeFlow
TraficDirmc,MML34.A2,2021-12-07 22:24:00,freeFlow
TraficDirmc,MML34.B1,2021-12-07 22:24:00,freeFlow
TraficDirmc,MML34.B2,2021-12-07 22:24:00,freeFlow
TraficDirmc,MML34.C1,2021-12-07 22:24:00,freeFlow
TraficDirmc,MML34.C2,2021-12-07 22:24:00,freeFlow
TraficDirmc,MMT34.H1,2021-12-07 22:24:00,freeFlow
TraficDirmc,MMT34.H2,2021-12-07 22:24:00,freeFlow
TraficDirmc,MMT34.J1,2021-12-07 22:24:00,freeFlow
TraficDirmc,MMT34.J2,2021-12-07 22:24:00,freeFlow
TraficDirmc,MYH43.C1,2021-12-07 22:24:00,freeFlow
TraficDirmc,MYH43.C2,2021-12-07 22:24:00,freeFlow
TraficDirmc,MYP63.41,2021-12-07 21:18:00,freeFlow
TraficDirmc,MYP63.42,2021-12-07 21:18:00,freeFlow
TraficDirmc,MYP63.11,2021-12-07 21:18:00,freeFlow
TraficDirmc,MYP63.12,2021-12-07 21:18:00,freeFlow
TraficDirmc,MYP63.81,2021-12-07 21:18:00,freeFlow
TraficDirmc,MYP63.82,2021-12-07 21:18:00,freeFlow
TraficDirmc,MML34.A1,2021-12-07 21:18:00,freeFlow
TraficDirmc,MML34.A2,2021-12-07 21:18:00,freeFlow
TraficDirmc,MML34.B1,2021-12-07 21:18:00,freeFlow
TraficDirmc,MML34.B2,2021-12-07 21:18:00,freeFlow
TraficDirmc,MML34.C1,2021-12-07 21:18:00,freeFlow
TraficDirmc,MML34.C2,2021-12-07 21:18:00,freeFlow
TraficDirmc,MMT34.H1,2021-12-07 21:18:00,freeFlow
TraficDirmc,MMT34.H2,2021-12-07 21:18:00,freeFlow
TraficDirmc,MMT34.J1,2021-12-07 21:18:00,freeFlow
TraficDirmc,MMT34.J2,2021-12-07 21:18:00,freeFlow
TraficDirmc,MYH43.C1,2021-12-07 21:18:00,freeFlow
TraficDirmc,MYH43.C2,2021-12-07 21:18:00,freeFlow
